{
  "$schema": "https://ui.shadcn.com/schema/registry-item.json",
  "name": "expandable-screen-demo",
  "type": "registry:component",
  "registryDependencies": [
    "expandable-screen",
    "button",
    "input",
    "label",
    "select",
    "textarea"
  ],
  "files": [
    {
      "path": "registry/default/example/expandable-screen-demo.tsx",
      "content": "\"use client\"\n\nimport { useId } from \"react\"\nimport Image from \"next/image\"\n\nimport { Button } from \"@/components/ui/button\"\nimport { Input } from \"@/components/ui/input\"\nimport { Label } from \"@/components/ui/label\"\nimport {\n  Select,\n  SelectContent,\n  SelectItem,\n  SelectTrigger,\n  SelectValue,\n} from \"@/components/ui/select\"\nimport { Textarea } from \"@/components/ui/textarea\"\nimport {\n  ExpandableScreen,\n  ExpandableScreenContent,\n  ExpandableScreenTrigger,\n} from \"@/registry/default/ui/expandable-screen\"\n\nfunction ExpandableScreenDemo() {\n  const nameId = useId()\n  const emailId = useId()\n  const websiteId = useId()\n  const companySizeId = useId()\n  const messageId = useId()\n  return (\n    <ExpandableScreen\n      layoutId=\"cta-card\"\n      triggerRadius=\"100px\"\n      contentRadius=\"24px\"\n    >\n      <div className=\"relative flex min-h-screen flex-col items-center justify-center px-4 sm:px-6 py-12 sm:py-20\">\n        <div className=\"relative z-10 flex flex-col items-center gap-4 sm:gap-6 text-center\">\n          <h1 className=\"text-4xl sm:text-5xl md:text-6xl lg:text-7xl font-normal leading-[90%] tracking-[-0.03em] text-foreground mix-blend-exclusion max-w-2xl\">\n            Join the waitlist\n          </h1>\n\n          <p className=\"text-base sm:text-lg md:text-xl leading-[160%] text-foreground max-w-2xl px-4\">\n            Be among the first to experience our next-generation platform. Get\n            early access to exclusive features and help shape the future of\n            productivity.\n          </p>\n\n          <ExpandableScreenTrigger>\n            <div className=\"bg-primary h-15 px-6 sm:px-8 py-3 text-lg sm:text-xl font-regular text-primary-foreground tracking-[-0.01em]\">\n              Get early access\n            </div>\n          </ExpandableScreenTrigger>\n        </div>\n      </div>\n\n      <ExpandableScreenContent className=\"bg-primary\">\n        <div className=\"relative z-10 flex flex-col lg:flex-row h-full w-full max-w-[1100px] mx-auto items-center p-6 sm:p-10 lg:p-16 gap-8 lg:gap-16\">\n          <div className=\"flex-1 flex flex-col justify-center space-y-3 w-full\">\n            <h2 className=\"text-3xl sm:text-4xl lg:text-5xl font-medium text-primary-foreground leading-none tracking-[-0.03em]\">\n              Reserve your spot\n            </h2>\n\n            <div className=\"space-y-4 sm:space-y-6 pt-4\">\n              <div className=\"flex gap-3 sm:gap-4\">\n                <div className=\"flex-shrink-0 w-10 h-10 sm:w-12 sm:h-12 rounded-lg bg-primary-foreground/10 flex items-center justify-center\">\n                  <svg\n                    className=\"w-5 h-5 sm:w-6 sm:h-6 text-primary-foreground\"\n                    fill=\"none\"\n                    viewBox=\"0 0 24 24\"\n                    stroke=\"currentColor\"\n                  >\n                    <title>Icon</title>\n                    <path\n                      strokeLinecap=\"round\"\n                      strokeLinejoin=\"round\"\n                      strokeWidth={2}\n                      d=\"M5 13l4 4L19 7\"\n                    />\n                  </svg>\n                </div>\n                <div>\n                  <p className=\"text-sm sm:text-base text-primary-foreground leading-[150%]\">\n                    Get priority access to new features and updates before\n                    public release.\n                  </p>\n                </div>\n              </div>\n              <div className=\"flex gap-3 sm:gap-4\">\n                <div className=\"flex-shrink-0 w-10 h-10 sm:w-12 sm:h-12 rounded-lg bg-primary-foreground/10 flex items-center justify-center\">\n                  <svg\n                    className=\"w-5 h-5 sm:w-6 sm:h-6 text-primary-foreground\"\n                    fill=\"none\"\n                    viewBox=\"0 0 24 24\"\n                    stroke=\"currentColor\"\n                  >\n                    <title>Icon</title>\n                    <path\n                      strokeLinecap=\"round\"\n                      strokeLinejoin=\"round\"\n                      strokeWidth={2}\n                      d=\"M13 10V3L4 14h7v7l9-11h-7z\"\n                    />\n                  </svg>\n                </div>\n                <div>\n                  <p className=\"text-sm sm:text-base text-primary-foreground leading-[150%]\">\n                    Join a community of early adopters and help influence our\n                    product roadmap.\n                  </p>\n                </div>\n              </div>\n            </div>\n\n            <div className=\"pt-6 sm:pt-8 mt-6 sm:mt-8 border-t border-primary-foreground/20\">\n              <p className=\"text-lg sm:text-xl lg:text-2xl text-primary-foreground leading-[150%] mb-4\">\n                The waitlist has been a game-changer for our workflow. Highly\n                recommend joining early.\n              </p>\n              <div className=\"flex items-center gap-3 sm:gap-4\">\n                <Image\n                  src=\"/placeholder.svg?height=48&width=48\"\n                  alt=\"Alex Rivera\"\n                  width={48}\n                  height={48}\n                  className=\"w-10 h-10 sm:w-12 sm:h-12 rounded-full object-cover\"\n                />\n                <div>\n                  <p className=\"text-base sm:text-lg lg:text-xl text-primary-foreground\">\n                    Alex Rivera\n                  </p>\n                  <p className=\"text-sm sm:text-base text-primary-foreground/70\">\n                    Early Access Member\n                  </p>\n                </div>\n              </div>\n            </div>\n          </div>\n\n          <div className=\"flex-1 w-full\">\n            <form className=\"space-y-4 sm:space-y-5\">\n              <div>\n                <Label\n                  htmlFor={nameId}\n                  className=\"block text-[10px] font-mono font-normal text-primary-foreground mb-2 tracking-[0.5px] uppercase\"\n                >\n                  FULL NAME *\n                </Label>\n                <Input\n                  type=\"text\"\n                  id={nameId}\n                  name=\"name\"\n                  className=\"w-full px-4 py-2.5 rounded-lg bg-card border-0 text-primary-foreground placeholder:text-primary-foreground/50 focus:outline-none focus:ring-2 focus:ring-primary-foreground/20 transition-all text-sm h-10\"\n                />\n              </div>\n\n              <div>\n                <Label\n                  htmlFor={emailId}\n                  className=\"block text-[10px] font-mono font-normal text-primary-foreground mb-2 tracking-[0.5px] uppercase\"\n                >\n                  EMAIL *\n                </Label>\n                <Input\n                  type=\"email\"\n                  id={emailId}\n                  name=\"email\"\n                  className=\"w-full px-4 py-2.5 rounded-lg bg-card border-0 text-primary-foreground placeholder:text-primary-foreground/50 focus:outline-none focus:ring-2 focus:ring-primary-foreground/20 transition-all text-sm h-10\"\n                />\n              </div>\n\n              <div className=\"flex flex-col sm:flex-row gap-4\">\n                <div className=\"flex-1\">\n                  <Label\n                    htmlFor={websiteId}\n                    className=\"block text-[10px] font-mono font-normal text-primary-foreground mb-2 tracking-[0.5px] uppercase\"\n                  >\n                    USE CASE\n                  </Label>\n                  <Input\n                    type=\"text\"\n                    id={websiteId}\n                    name=\"use-case\"\n                    placeholder=\"e.g., Project management, Team collaboration\"\n                    className=\"w-full px-4 py-2.5 rounded-lg bg-card border-0 text-primary-foreground placeholder:text-primary-foreground/50 focus:outline-none focus:ring-2 focus:ring-primary-foreground/20 transition-all resize-none text-sm h-10\"\n                  />\n                </div>\n                <div className=\"sm:w-32 w-full\">\n                  <Label\n                    htmlFor={companySizeId}\n                    className=\"block text-[10px] font-mono font-normal text-primary-foreground mb-2 tracking-[0.5px] uppercase\"\n                  >\n                    TEAM SIZE\n                  </Label>\n                  <Select name=\"team-size\">\n                    <SelectTrigger\n                      id={companySizeId}\n                      className=\"w-full px-4 py-2.5 rounded-lg bg-card border-0 text-primary-foreground focus:outline-none focus:ring-2 focus:ring-primary-foreground/20 transition-all text-sm h-10\"\n                    >\n                      <SelectValue placeholder=\"Select\" />\n                    </SelectTrigger>\n                    <SelectContent>\n                      <SelectItem value=\"solo\">Solo</SelectItem>\n                      <SelectItem value=\"2-5\">2-5</SelectItem>\n                      <SelectItem value=\"6-20\">6-20</SelectItem>\n                      <SelectItem value=\"21-50\">21-50</SelectItem>\n                      <SelectItem value=\"50+\">50+</SelectItem>\n                    </SelectContent>\n                  </Select>\n                </div>\n              </div>\n\n              <div>\n                <Label\n                  htmlFor={messageId}\n                  className=\"block text-[10px] font-mono font-normal text-primary-foreground mb-2 tracking-[0.5px] uppercase\"\n                >\n                  WHAT ARE YOU MOST EXCITED ABOUT?\n                </Label>\n                <Textarea\n                  id={messageId}\n                  name=\"excited-about\"\n                  rows={3}\n                  placeholder=\"Tell us what features you're looking forward to...\"\n                  className=\"w-full px-4 py-3 rounded-lg bg-card border-0 text-primary-foreground placeholder:text-primary-foreground/50 focus:outline-none focus:ring-2 focus:ring-primary-foreground/20 transition-all resize-none text-sm\"\n                />\n              </div>\n\n              <Button\n                type=\"submit\"\n                className=\"w-full px-8 py-2.5 rounded-full bg-primary-foreground text-primary font-medium hover:bg-primary-foreground/90 transition-colors tracking-[-0.03em] h-10\"\n              >\n                Join waitlist\n              </Button>\n            </form>\n          </div>\n        </div>\n      </ExpandableScreenContent>\n    </ExpandableScreen>\n  )\n}\n\nexport default ExpandableScreenDemo\n",
      "type": "registry:component"
    }
  ]
}