{
  "$schema": "https://ui.shadcn.com/schema/registry-item.json",
  "name": "minimal-card-demo",
  "type": "registry:component",
  "registryDependencies": [
    "minimal-card"
  ],
  "files": [
    {
      "path": "registry/default/example/minimal-card-demo.tsx",
      "content": "import {\n  MinimalCard,\n  MinimalCardDescription,\n  MinimalCardImage,\n  MinimalCardTitle,\n} from \"@/registry/default/ui/minimal-card\"\n\nexport default function MinimalCardDemo() {\n  const cards = [\n    {\n      title: \"Sick title\",\n      description:\n        \"How to design with gestures and motion that feel intuitive and natural.\",\n    },\n    {\n      title: \"Sick title\",\n      description:\n        \"How to design with gestures and motion that feel intuitive and natural.\",\n    },\n    {\n      title: \"Sick title\",\n      description:\n        \"How to design with gestures and motion that feel intuitive and natural.\",\n    },\n    {\n      title: \"Sick title\",\n      description:\n        \"How to design with gestures and motion that feel intuitive and natural.\",\n    },\n    {\n      title: \"Sick title\",\n      description:\n        \"How to design with gestures and motion that feel intuitive and natural.\",\n    },\n  ]\n  return (\n    <div className=\"w-full max-w-4xl\">\n      <div className=\"min-h-[500px] p-4  flex flex-col justify-center  rounded-lg space-y-4\">\n        <div className=\"relative grid grid-cols-1 sm:grid-cols-2 lg:grid-cols-2 gap-6\">\n          {cards.map((card) => (\n            <MinimalCard>\n              <MinimalCardImage src=\"/basic-img.png\" alt={card.title} />\n              <MinimalCardTitle>{card.title}</MinimalCardTitle>\n              <MinimalCardDescription>\n                {card.description}\n              </MinimalCardDescription>\n            </MinimalCard>\n          ))}\n        </div>\n      </div>\n    </div>\n  )\n}\n",
      "type": "registry:component"
    }
  ]
}