{
  "$schema": "https://ui.shadcn.com/schema/registry-item.json",
  "name": "shift-card-demo",
  "type": "registry:component",
  "registryDependencies": [
    "shift-card",
    "texture-button"
  ],
  "files": [
    {
      "path": "registry/default/example/shift-card-demo.tsx",
      "content": "\"use client\"\n\nimport { motion } from \"motion/react\"\n\nimport { ShiftCard } from \"@/registry/default/ui/shift-card\"\nimport { TextureButton } from \"@/registry/default/ui/texture-button\"\n\nexport default function ShiftCardDemo() {\n  // Content for the top part of the card\n  const topContent = (\n    <div className=\"bg-accent/90 rounded-md text-primary shadow-[0px_1px_1px_0px_rgba(0,0,0,0.05),0px_1px_1px_0px_rgba(255,252,240,0.5)_inset,0px_0px_0px_1px_hsla(0,0%,100%,0.1)_inset,0px_0px_1px_0px_rgba(28,27,26,0.5)] dark:shadow-[0_1px_0_0_rgba(255,255,255,0.03)_inset,0_0_0_1px_rgba(255,255,255,0.03)_inset,0_0_0_1px_rgba(0,0,0,0.1),0_2px_2px_0_rgba(0,0,0,0.1),0_4px_4px_0_rgba(0,0,0,0.1),0_8px_8px_0_rgba(0,0,0,0.1)]\">\n      <h3 className=\" text-lg  p-4\">\n        <svg\n          width=\"1em\"\n          height=\"1em\"\n          viewBox=\"0 0 54 80\"\n          fill=\"none\"\n          xmlns=\"http://www.w3.org/2000/svg\"\n        >\n          <g clipPath=\"url(#clip0_912_3)\">\n            <path\n              d=\"M13.3333 80.0002C20.6933 80.0002 26.6667 74.0268 26.6667 66.6668V53.3335H13.3333C5.97333 53.3335 0 59.3068 0 66.6668C0 74.0268 5.97333 80.0002 13.3333 80.0002Z\"\n              fill=\"#0ACF83\"\n            />\n            <path\n              d=\"M0 39.9998C0 32.6398 5.97333 26.6665 13.3333 26.6665H26.6667V53.3332H13.3333C5.97333 53.3332 0 47.3598 0 39.9998Z\"\n              fill=\"#A259FF\"\n            />\n            <path\n              d=\"M0 13.3333C0 5.97333 5.97333 0 13.3333 0H26.6667V26.6667H13.3333C5.97333 26.6667 0 20.6933 0 13.3333Z\"\n              fill=\"#F24E1E\"\n            />\n            <path\n              d=\"M26.6667 0H40.0001C47.3601 0 53.3334 5.97333 53.3334 13.3333C53.3334 20.6933 47.3601 26.6667 40.0001 26.6667H26.6667V0Z\"\n              fill=\"#FF7262\"\n            />\n            <path\n              d=\"M53.3334 39.9998C53.3334 47.3598 47.3601 53.3332 40.0001 53.3332C32.6401 53.3332 26.6667 47.3598 26.6667 39.9998C26.6667 32.6398 32.6401 26.6665 40.0001 26.6665C47.3601 26.6665 53.3334 32.6398 53.3334 39.9998Z\"\n              fill=\"#1ABCFE\"\n            />\n          </g>\n          <defs>\n            <clipPath id=\"clip0_912_3\">\n              <rect width={53.3333} height={80} fill=\"white\" />\n            </clipPath>\n          </defs>\n        </svg>\n        Screen Capture\n      </h3>\n    </div>\n  )\n\n  // Content that animates into top from the middle\n  const topAnimateContent = (\n    <>\n      <motion.img\n        transition={{ duration: 0.3, ease: \"circIn\" }}\n        src=\"/basic-img.png\"\n        layoutId=\"img\"\n        width={78}\n        height={100}\n        alt=\"basic image\"\n        className=\"rounded-sm  absolute top-1.5 right-2 shadow-lg\"\n      />\n\n      <motion.div\n        className=\"h-[70px] w-[82px] absolute top-[4px] right-[6px] bg-transparent border-[2px] rounded-br-sm rounded-sm  border-neutral-800/80 dark:border-neutral-200/80 border-dashed  ml-auto  mb-[6px] dark:mb-[3px]\"\n        initial={{ opacity: 0, scale: 1.6, y: 0, filter: \"blur(4px)\" }}\n        animate={{\n          opacity: 1,\n          y: 0,\n          scale: 1,\n          filter: \"blur(0px)\",\n          transition: { delay: 0.35, duration: 0.15 },\n        }}\n        exit={{\n          opacity: 0,\n          y: 100,\n          filter: \"blur(4px)\",\n          transition: { delay: 0.0, duration: 0 },\n        }}\n      />\n    </>\n  )\n\n  // Content that animates from the top to the middle\n  const middleContent = (\n    <motion.img\n      src=\"/basic-img.png\"\n      layoutId=\"img\"\n      width={150}\n      height={200}\n      alt=\"basic image\"\n      className=\"rounded-sm  border-2 border-white dark:border-black\"\n    />\n  )\n\n  // Content for the bottom part of the card that shows more details on hover\n  const bottomContent = (\n    <div className=\"pb-4\">\n      <div className=\"flex w-full flex-col gap-1 bg-primary/90 border-t border-t-black/10 rounded-t-lg px-4 pb-4  \">\n        <div className=\"font-sans text-[14px] font-medium text-white dark:text-[#171717] flex gap-1 pt-2.5 items-center\">\n          <svg\n            xmlns=\"http://www.w3.org/2000/svg\"\n            viewBox=\"-50 -50 430 390\"\n            fill=\"#1185fd\"\n            aria-hidden=\"true\"\n            width=\"1em\"\n            height=\"1em\"\n          >\n            <path d=\"M180 141.964C163.699 110.262 119.308 51.1817 78.0347 22.044C38.4971 -5.86834 23.414 -1.03207 13.526 3.43594C2.08093 8.60755 0 26.1785 0 36.5164C0 46.8542 5.66748 121.272 9.36416 133.694C21.5786 174.738 65.0603 188.607 105.104 184.156C107.151 183.852 109.227 183.572 111.329 183.312C109.267 183.642 107.19 183.924 105.104 184.156C46.4204 192.847 -5.69621 214.233 62.6582 290.33C137.848 368.18 165.705 273.637 180 225.702C194.295 273.637 210.76 364.771 295.995 290.33C360 225.702 313.58 192.85 254.896 184.158C252.81 183.926 250.733 183.645 248.671 183.315C250.773 183.574 252.849 183.855 254.896 184.158C294.94 188.61 338.421 174.74 350.636 133.697C354.333 121.275 360 46.8568 360 36.519C360 26.1811 357.919 8.61012 346.474 3.43851C336.586 -1.02949 321.503 -5.86576 281.965 22.0466C240.692 51.1843 196.301 110.262 180 141.964Z\" />\n          </svg>{\" \"}\n          <p>Share your work</p>\n        </div>\n        <div className=\"w-full text-pretty font-sans text-[13px] leading-4 text-neutral-200 dark:text-[#171717] pb-2  \">\n          Share your image to build that audience. Inspired by{\" \"}\n          <a\n            target=\"_blank\"\n            rel=\"noopener noreferrer\"\n            href=\"https://x.com/mrncst\"\n          >\n            @mrncst\n          </a>\n        </div>\n\n        <div className=\"bg-accent/80 dark:bg-accent px-1 py-1 rounded-xl flex flex-col gap-1\">\n          <TextureButton variant=\"primary\">\n            <svg\n              viewBox=\"0 0 256 209\"\n              width=\"1em\"\n              height=\"1em\"\n              xmlns=\"http://www.w3.org/2000/svg\"\n              preserveAspectRatio=\"xMidYMid\"\n            >\n              <path\n                d=\"M256 25.45c-9.42 4.177-19.542 7-30.166 8.27 10.845-6.5 19.172-16.793 23.093-29.057a105.183 105.183 0 0 1-33.351 12.745C205.995 7.201 192.346.822 177.239.822c-29.006 0-52.523 23.516-52.523 52.52 0 4.117.465 8.125 1.36 11.97-43.65-2.191-82.35-23.1-108.255-54.876-4.52 7.757-7.11 16.78-7.11 26.404 0 18.222 9.273 34.297 23.365 43.716a52.312 52.312 0 0 1-23.79-6.57c-.003.22-.003.44-.003.661 0 25.447 18.104 46.675 42.13 51.5a52.592 52.592 0 0 1-23.718.9c6.683 20.866 26.08 36.05 49.062 36.475-17.975 14.086-40.622 22.483-65.228 22.483-4.24 0-8.42-.249-12.529-.734 23.243 14.902 50.85 23.597 80.51 23.597 96.607 0 149.434-80.031 149.434-149.435 0-2.278-.05-4.543-.152-6.795A106.748 106.748 0 0 0 256 25.45\"\n                fill=\"#55acee\"\n              />\n            </svg>\n            Post on Twitter\n          </TextureButton>\n\n          <TextureButton variant=\"primary\">\n            <svg\n              viewBox=\"0 0 256 256\"\n              xmlns=\"http://www.w3.org/2000/svg\"\n              width=\"1em\"\n              height=\"1em\"\n              preserveAspectRatio=\"xMidYMid\"\n            >\n              <path\n                fill=\"#625DF5\"\n                d=\"M256 113.765h-74.858l64.83-37.43-14.237-24.667-64.83 37.43 37.421-64.825-24.667-14.246-37.421 64.826V0h-28.476v74.86L76.326 10.027 51.667 24.266 89.096 89.09 24.265 51.668l-14.238 24.66 64.83 37.43H0v28.477h74.85l-64.823 37.43 14.238 24.667 64.824-37.423-37.43 64.825 24.667 14.239 37.429-64.832V256h28.476v-74.853l37.422 64.826 24.665-14.239-37.428-64.832 64.83 37.43 14.24-24.667-64.825-37.423h74.85v-28.477H256ZM128 166.73c-21.472 0-38.876-17.403-38.876-38.876 0-21.472 17.404-38.876 38.876-38.876 21.472 0 38.875 17.404 38.875 38.876 0 21.473-17.403 38.876-38.875 38.876Z\"\n              />\n            </svg>{\" \"}\n            Open in Loom{\" \"}\n          </TextureButton>\n        </div>\n      </div>\n    </div>\n  )\n\n  return (\n    <div className=\"flex justify-center items-center \">\n      <ShiftCard\n        className=\"bg-card dark:bg-[#1A1A1A] \"\n        topContent={topContent}\n        topAnimateContent={topAnimateContent}\n        middleContent={middleContent}\n        bottomContent={bottomContent}\n      />\n    </div>\n  )\n}\n",
      "type": "registry:component"
    }
  ]
}