{
  "name": "neumorph-eyebrow",
  "description": "Neumorphic eyebrow component with soft shadow effects and modern styling",
  "dependencies": [
    ""
  ],
  "files": [
    {
      "name": "neumorph-eyebrow.tsx",
      "content": "import type React from \"react\"\nimport { cva, type VariantProps } from \"class-variance-authority\"\n\nconst neumorphEyebrowVariants = cva(\n  \"rounded-full border-[.75px] px-2.5 w-fit h-6 flex items-center text-xs font-medium mb-2 shadow-[inset_0px_-2.10843px_0px_0px_rgb(244,241,238),_0px_1.20482px_6.3253px_0px_rgb(244,241,238)]\",\n  {\n    variants: {\n      intent: {\n        default: \"border-[#E9E3DD] text-[#36322F] bg-[#FBFAF9]\",\n        primary: \"border-blue-200 text-blue-800 bg-blue-50\",\n        secondary: \"border-green-200 text-green-800 bg-green-50\",\n      },\n    },\n    defaultVariants: {\n      intent: \"default\",\n    },\n  }\n)\n\ninterface NeumorphEyebrowProps\n  extends VariantProps<typeof neumorphEyebrowVariants> {\n  children: React.ReactNode\n  className?: string\n}\n\nexport const NeumorphEyebrow: React.FC<NeumorphEyebrowProps> = ({\n  children,\n  intent,\n  className,\n  ...props\n}) => {\n  return (\n    <div className={neumorphEyebrowVariants({ intent, className })} {...props}>\n      {children}\n    </div>\n  )\n}\n\nexport default NeumorphEyebrow\n"
    }
  ],
  "type": "registry:ui"
}