{
  "$schema": "https://ui.shadcn.com/schema/registry-item.json",
  "name": "family-drawer-demo",
  "type": "registry:component",
  "registryDependencies": [
    "family-drawer"
  ],
  "files": [
    {
      "path": "registry/default/example/family-drawer-demo.tsx",
      "content": "\"use client\"\n\nimport { useId } from \"react\"\nimport { ArrowLeft, ArrowRight } from \"lucide-react\"\n\nimport {\n  FamilyDrawerAnimatedContent,\n  FamilyDrawerAnimatedWrapper,\n  FamilyDrawerButton,\n  FamilyDrawerClose,\n  FamilyDrawerContent,\n  FamilyDrawerHeader,\n  FamilyDrawerOverlay,\n  FamilyDrawerPortal,\n  FamilyDrawerRoot,\n  FamilyDrawerSecondaryButton,\n  FamilyDrawerTrigger,\n  FamilyDrawerViewContent,\n  useFamilyDrawer,\n  type ViewsRegistry,\n} from \"@/registry/default/ui/family-drawer\"\n\n// ============================================================================\n// Example 2: Custom Views via Props\n// ============================================================================\n\nfunction CustomDefaultView() {\n  const { setView } = useFamilyDrawer()\n\n  return (\n    <>\n      <header className=\"mb-4 flex h-[72px] items-center border-b border-border pl-2\">\n        <h2 className=\"text-[19px] font-semibold text-foreground md:font-medium\">\n          Custom Menu\n        </h2>\n      </header>\n      <div className=\"space-y-3\">\n        <FamilyDrawerButton onClick={() => setView(\"settings\")}>\n          ⚙️ Settings\n        </FamilyDrawerButton>\n        <FamilyDrawerButton onClick={() => setView(\"profile\")}>\n          👤 Profile\n        </FamilyDrawerButton>\n        <FamilyDrawerButton onClick={() => setView(\"about\")}>\n          ℹ️ About\n        </FamilyDrawerButton>\n      </div>\n    </>\n  )\n}\n\nfunction CustomSettingsView() {\n  const { setView } = useFamilyDrawer()\n\n  return (\n    <div>\n      <div className=\"px-2\">\n        <FamilyDrawerHeader\n          icon={<span className=\"text-4xl\">⚙️</span>}\n          title=\"Settings\"\n          description=\"Configure your preferences and application settings.\"\n        />\n        <div className=\"mt-6 space-y-4 border-t border-border pt-6\">\n          <div className=\"flex items-center justify-between\">\n            <span className=\"text-[15px] font-semibold text-foreground md:font-medium\">\n              Notifications\n            </span>\n            <input type=\"checkbox\" defaultChecked />\n          </div>\n          <div className=\"flex items-center justify-between\">\n            <span className=\"text-[15px] font-semibold text-foreground md:font-medium\">\n              Dark Mode\n            </span>\n            <input type=\"checkbox\" />\n          </div>\n        </div>\n      </div>\n      <div className=\"mt-7 flex gap-4\">\n        <FamilyDrawerSecondaryButton\n          onClick={() => setView(\"default\")}\n          className=\"bg-secondary text-secondary-foreground\"\n        >\n          Back\n        </FamilyDrawerSecondaryButton>\n        <FamilyDrawerSecondaryButton\n          onClick={() => setView(\"default\")}\n          className=\"bg-primary text-primary-foreground\"\n        >\n          Save\n        </FamilyDrawerSecondaryButton>\n      </div>\n    </div>\n  )\n}\n\nfunction CustomProfileView() {\n  const { setView } = useFamilyDrawer()\n  const nameId = useId()\n  const emailId = useId()\n\n  return (\n    <div>\n      <div className=\"px-2\">\n        <FamilyDrawerHeader\n          icon={<span className=\"text-4xl\">👤</span>}\n          title=\"Profile\"\n          description=\"View and edit your profile information.\"\n        />\n        <div className=\"mt-6 space-y-4 border-t border-border pt-6\">\n          <div>\n            <label\n              htmlFor={nameId}\n              className=\"text-[15px] font-semibold text-foreground md:font-medium\"\n            >\n              Name\n            </label>\n            <input\n              id={nameId}\n              type=\"text\"\n              defaultValue=\"John Doe\"\n              className=\"mt-2 w-full rounded-lg border border-border px-3 py-2 bg-background\"\n            />\n          </div>\n          <div>\n            <label\n              htmlFor={emailId}\n              className=\"text-[15px] font-semibold text-foreground md:font-medium\"\n            >\n              Email\n            </label>\n            <input\n              id={emailId}\n              type=\"email\"\n              defaultValue=\"john@example.com\"\n              className=\"mt-2 w-full rounded-lg border border-border px-3 py-2 bg-background\"\n            />\n          </div>\n        </div>\n      </div>\n      <div className=\"mt-7 flex gap-4\">\n        <FamilyDrawerSecondaryButton\n          onClick={() => setView(\"default\")}\n          className=\"bg-secondary text-secondary-foreground\"\n        >\n          Cancel\n        </FamilyDrawerSecondaryButton>\n        <FamilyDrawerSecondaryButton\n          onClick={() => setView(\"default\")}\n          className=\"bg-primary text-primary-foreground\"\n        >\n          Update\n        </FamilyDrawerSecondaryButton>\n      </div>\n    </div>\n  )\n}\n\nfunction CustomAboutView() {\n  const { setView } = useFamilyDrawer()\n\n  return (\n    <div>\n      <div className=\"px-2\">\n        <FamilyDrawerHeader\n          icon={<span className=\"text-4xl\">ℹ️</span>}\n          title=\"About\"\n          description=\"Learn more about this application.\"\n        />\n        <div className=\"mt-6 space-y-4 border-t border-border pt-6\">\n          <p className=\"text-[15px] font-medium text-muted-foreground md:font-normal\">\n            Version 1.0.0\n          </p>\n          <p className=\"text-[15px] font-medium text-muted-foreground md:font-normal\">\n            Built with React and TypeScript\n          </p>\n        </div>\n      </div>\n      <div className=\"mt-7 flex gap-4\">\n        <FamilyDrawerSecondaryButton\n          onClick={() => setView(\"default\")}\n          className=\"bg-secondary text-secondary-foreground\"\n        >\n          Close\n        </FamilyDrawerSecondaryButton>\n      </div>\n    </div>\n  )\n}\n\nconst customViews: ViewsRegistry = {\n  default: CustomDefaultView,\n  settings: CustomSettingsView,\n  profile: CustomProfileView,\n  about: CustomAboutView,\n}\n\nexport function CustomViewsExample() {\n  return (\n    <div className=\"space-y-4\">\n      <h3 className=\"text-lg font-semibold\">Custom Views via Props</h3>\n      <p className=\"text-sm text-muted-foreground\">\n        Pass custom views as a prop to FamilyDrawerRoot\n      </p>\n      <FamilyDrawerRoot views={customViews}>\n        <FamilyDrawerTrigger className=\"fixed top-1/3 left-1/3 antialiased -translate-y-1/2 -translate-x-1/2 h-[44px] rounded-full border border-border bg-background px-4 py-2 font-medium text-foreground transition-colors hover:bg-accent focus-visible:shadow-focus-ring-button md:font-medium cursor-pointer\">\n          Open Custom Drawer\n        </FamilyDrawerTrigger>\n        <FamilyDrawerPortal>\n          <FamilyDrawerOverlay />\n          <FamilyDrawerContent>\n            <FamilyDrawerClose />\n            <FamilyDrawerAnimatedWrapper>\n              <FamilyDrawerAnimatedContent>\n                <FamilyDrawerViewContent />\n              </FamilyDrawerAnimatedContent>\n            </FamilyDrawerAnimatedWrapper>\n          </FamilyDrawerContent>\n        </FamilyDrawerPortal>\n      </FamilyDrawerRoot>\n    </div>\n  )\n}\n\n// ============================================================================\n// Example 4: Composable Pattern (Manual View Control)\n// ============================================================================\n\nfunction ComposableView() {\n  const { view, setView } = useFamilyDrawer()\n\n  return (\n    <div>\n      <div className=\"px-2\">\n        <FamilyDrawerHeader\n          icon={<span className=\"text-4xl\">🎨</span>}\n          title=\"Composable Example\"\n          description=\"This view uses the composable pattern with manual view control.\"\n        />\n        <div className=\"mt-6 space-y-4 border-t border-border pt-6\">\n          <p className=\"text-[15px] font-medium text-muted-foreground md:font-normal\">\n            Current view: <strong>{view}</strong>\n          </p>\n          <div className=\"flex flex-wrap gap-2\">\n            <button\n              type=\"button\"\n              onClick={() => setView(\"view1\")}\n              className=\"rounded-lg bg-muted px-4 py-2 text-sm text-foreground\"\n            >\n              View 1\n            </button>\n            <button\n              type=\"button\"\n              onClick={() => setView(\"view2\")}\n              className=\"rounded-lg bg-muted px-4 py-2 text-sm text-foreground\"\n            >\n              View 2\n            </button>\n            <button\n              type=\"button\"\n              onClick={() => setView(\"view3\")}\n              className=\"rounded-lg bg-muted px-4 py-2 text-sm text-foreground\"\n            >\n              View 3\n            </button>\n          </div>\n        </div>\n      </div>\n    </div>\n  )\n}\n\nfunction View1() {\n  const { setView } = useFamilyDrawer()\n\n  return (\n    <div className=\"px-2\">\n      <FamilyDrawerHeader\n        icon={<span className=\"text-4xl\">1️⃣</span>}\n        title=\"View 1\"\n        description=\"This is the first view in the composable pattern.\"\n      />\n      <div className=\"mt-6 space-y-3 border-t border-border pt-6\">\n        <div className=\"flex items-center gap-3 text-[15px] font-semibold text-muted-foreground md:font-medium\">\n          <span>✓</span>\n          First step completed\n        </div>\n        <div className=\"flex items-center gap-3 text-[15px] font-semibold text-muted-foreground md:font-medium\">\n          <span>→</span>\n          Ready to proceed\n        </div>\n      </div>\n      <div className=\"mt-7 flex gap-4\">\n        <FamilyDrawerSecondaryButton\n          onClick={() => setView(\"default\")}\n          className=\"bg-secondary text-secondary-foreground\"\n        >\n          <ArrowLeft /> Back\n        </FamilyDrawerSecondaryButton>\n        <FamilyDrawerSecondaryButton\n          onClick={() => setView(\"view2\")}\n          className=\"bg-primary text-primary-foreground\"\n        >\n          <ArrowRight /> View 2\n        </FamilyDrawerSecondaryButton>\n      </div>\n    </div>\n  )\n}\n\nfunction View2() {\n  const { setView } = useFamilyDrawer()\n\n  return (\n    <div className=\"px-2\">\n      <FamilyDrawerHeader\n        icon={<span className=\"text-4xl\">2️⃣</span>}\n        title=\"View 2\"\n        description=\"This is the second view in the composable pattern with additional content.\"\n      />\n      <div className=\"mt-6 space-y-4 border-t border-border pt-6\">\n        <div className=\"flex items-center gap-3 text-[15px] font-semibold text-muted-foreground md:font-medium\">\n          <span>✓</span>\n          First step completed\n        </div>\n        <div className=\"flex items-center gap-3 text-[15px] font-semibold text-muted-foreground md:font-medium\">\n          <span>✓</span>\n          Second step in progress\n        </div>\n        <div className=\"flex items-center gap-3 text-[15px] font-semibold text-muted-foreground md:font-medium\">\n          <span>→</span>\n          Continue to final step\n        </div>\n        <p className=\"mt-4 text-sm text-muted-foreground\">\n          This view has more content to demonstrate height differences between\n          views.\n        </p>\n      </div>\n      <div className=\"mt-7 flex gap-4\">\n        <FamilyDrawerSecondaryButton\n          onClick={() => setView(\"view1\")}\n          className=\"bg-secondary text-secondary-foreground\"\n        >\n          <ArrowLeft /> View 1\n        </FamilyDrawerSecondaryButton>\n        <FamilyDrawerSecondaryButton\n          onClick={() => setView(\"view3\")}\n          className=\"bg-primary text-primary-foreground\"\n        >\n          <ArrowRight /> View 3\n        </FamilyDrawerSecondaryButton>\n      </div>\n    </div>\n  )\n}\n\nfunction View3() {\n  const { setView } = useFamilyDrawer()\n\n  return (\n    <div className=\"px-2\">\n      <FamilyDrawerHeader\n        icon={<span className=\"text-4xl\">3️⃣</span>}\n        title=\"View 3\"\n        description=\"This is the final view in the composable pattern.\"\n      />\n      <div className=\"mt-6 space-y-3 border-t border-border pt-6\">\n        <div className=\"flex items-center gap-3 text-[15px] font-semibold text-muted-foreground md:font-medium\">\n          <span>✓</span>\n          All steps completed\n        </div>\n        <div className=\"flex items-center gap-3 text-[15px] font-semibold text-muted-foreground md:font-medium\">\n          <span>🎉</span>\n          Ready to finish\n        </div>\n      </div>\n      <div className=\"mt-7 flex gap-4\">\n        <FamilyDrawerSecondaryButton\n          onClick={() => setView(\"view2\")}\n          className=\"bg-secondary text-secondary-foreground\"\n        >\n          <ArrowLeft /> View 2\n        </FamilyDrawerSecondaryButton>\n        <FamilyDrawerSecondaryButton\n          onClick={() => setView(\"default\")}\n          className=\"bg-primary text-primary-foreground\"\n        >\n          Back to Menu\n        </FamilyDrawerSecondaryButton>\n      </div>\n    </div>\n  )\n}\n\nconst composableViews: ViewsRegistry = {\n  default: ComposableView,\n  view1: View1,\n  view2: View2,\n  view3: View3,\n}\n\nexport function ComposablePatternExample() {\n  return (\n    <div className=\"space-y-4\">\n      <h3 className=\"text-lg font-semibold\">Composable Pattern</h3>\n      <p className=\"text-sm text-muted-foreground\">\n        Manual view control using useFamilyDrawer hook\n      </p>\n      <FamilyDrawerRoot views={composableViews} defaultView=\"default\">\n        <FamilyDrawerTrigger className=\"fixed top-1/2 left-1/3 antialiased -translate-y-1/2 -translate-x-1/2 h-[44px] rounded-full border border-border bg-background px-4 py-2 font-medium text-foreground transition-colors hover:bg-accent focus-visible:shadow-focus-ring-button md:font-medium cursor-pointer\">\n          Open Composable Drawer\n        </FamilyDrawerTrigger>\n        <FamilyDrawerPortal>\n          <FamilyDrawerOverlay />\n          <FamilyDrawerContent>\n            <FamilyDrawerClose />\n            <FamilyDrawerAnimatedWrapper>\n              <FamilyDrawerAnimatedContent>\n                <FamilyDrawerViewContent />\n              </FamilyDrawerAnimatedContent>\n            </FamilyDrawerAnimatedWrapper>\n          </FamilyDrawerContent>\n        </FamilyDrawerPortal>\n      </FamilyDrawerRoot>\n    </div>\n  )\n}\n\n// ============================================================================\n// Example 5: Minimal Custom View\n// ============================================================================\n\nfunction MinimalView() {\n  const { setView } = useFamilyDrawer()\n\n  return (\n    <div className=\"px-2 py-4\">\n      <h2 className=\"text-xl font-semibold\">Minimal View</h2>\n      <p className=\"mt-2 text-sm text-muted-foreground\">\n        A simple, minimal view example.\n      </p>\n      <button\n        type=\"button\"\n        onClick={() => setView(\"default\")}\n        className=\"mt-4 rounded-lg bg-primary px-4 py-2 text-primary-foreground\"\n      >\n        Close\n      </button>\n    </div>\n  )\n}\n\nconst minimalViews: ViewsRegistry = {\n  default: MinimalView,\n}\n\nexport function MinimalExample() {\n  return (\n    <div className=\"space-y-4\">\n      <h3 className=\"text-lg font-semibold\">Minimal Example</h3>\n      <p className=\"text-sm text-muted-foreground\">\n        A simple, single-view drawer\n      </p>\n      <FamilyDrawerRoot views={minimalViews}>\n        <FamilyDrawerTrigger className=\"fixed top-1/2 left-1/2 antialiased -translate-y-1/2 -translate-x-1/2 h-[44px] rounded-full border border-border bg-background px-4 py-2 font-medium text-foreground transition-colors hover:bg-accent focus-visible:shadow-focus-ring-button md:font-medium cursor-pointer\">\n          Open Minimal Drawer\n        </FamilyDrawerTrigger>\n        <FamilyDrawerPortal>\n          <FamilyDrawerOverlay />\n          <FamilyDrawerContent>\n            <FamilyDrawerClose />\n            <FamilyDrawerAnimatedWrapper>\n              <FamilyDrawerAnimatedContent>\n                <FamilyDrawerViewContent />\n              </FamilyDrawerAnimatedContent>\n            </FamilyDrawerAnimatedWrapper>\n          </FamilyDrawerContent>\n        </FamilyDrawerPortal>\n      </FamilyDrawerRoot>\n    </div>\n  )\n}\n\n// ============================================================================\n// All Examples Container\n// ============================================================================\n\nexport default function FamilyDrawerDemo() {\n  return (\n    <div className=\"space-y-12 p-8\">\n      <div>\n        <h1 className=\"text-3xl font-bold\">FamilyDrawer Examples</h1>\n        <p className=\"mt-2 text-muted-foreground\">\n          Various usage patterns for the composable FamilyDrawer component\n        </p>\n      </div>\n\n      <div className=\"grid gap-8 md:grid-cols-2\">\n        <CustomViewsExample />\n        <ComposablePatternExample />\n        <MinimalExample />\n      </div>\n    </div>\n  )\n}\n",
      "type": "registry:component"
    }
  ]
}