{
  "$schema": "https://ui.shadcn.com/schema/registry-item.json",
  "name": "texture-button-demo",
  "type": "registry:component",
  "registryDependencies": [
    "texture-button"
  ],
  "files": [
    {
      "path": "registry/default/example/texture-button-demo.tsx",
      "content": "\"use client\"\n\nimport { ChevronLeft, Trash, X } from \"lucide-react\"\n\nimport { TextureButton } from \"@/registry/default/ui/texture-button\"\n\nexport default function TextureButtonDemo() {\n  return (\n    <div className=\"dark:bg-stone-950  py-6 px-4 md:px-0 rounded-md flex justify-center\">\n      <div>\n        <div className=\"flex flex-col gap-3 max-w-lg mt-4\">\n          <div className=\"flex gap-3\">\n            <div>\n              <TextureButton size=\"sm\">Primary</TextureButton>\n            </div>\n            <div className=\"\">\n              <TextureButton>Primary</TextureButton>\n            </div>\n            <div className=\"md:w-36 hidden\">\n              <TextureButton size=\"lg\">Primary</TextureButton>\n            </div>\n          </div>\n        </div>\n        <div className=\"flex flex-col gap-3 max-w-lg mt-4\">\n          <div className=\"flex gap-3\">\n            <div>\n              <TextureButton variant=\"accent\" size=\"sm\">\n                Accent\n              </TextureButton>\n            </div>\n            <div className=\"\">\n              <TextureButton variant=\"accent\">Accent</TextureButton>\n            </div>\n            <div className=\"md:w-36 hidden\">\n              <TextureButton variant=\"accent\" size=\"lg\">\n                Accent\n              </TextureButton>\n            </div>\n          </div>\n        </div>\n        <div className=\"flex flex-col gap-3 max-w-lg mt-4\">\n          <div className=\"flex gap-3 w-full\">\n            <div className=\"\">\n              <TextureButton variant=\"secondary\" size=\"sm\">\n                Secondary\n              </TextureButton>\n            </div>\n            <div className=\"\">\n              <TextureButton variant=\"secondary\">Secondary</TextureButton>\n            </div>\n            <div className=\"hidden md:w-48\">\n              <TextureButton variant=\"secondary\" size=\"lg\">\n                Secondary\n              </TextureButton>\n            </div>\n          </div>\n        </div>\n        <div className=\"flex flex-col gap-3 max-w-lg mt-4\">\n          <div className=\"flex gap-3 w-full\">\n            <div className=\"\">\n              <TextureButton variant=\"destructive\" size=\"sm\">\n                Destructive\n              </TextureButton>\n            </div>\n            <div className=\"\">\n              <TextureButton variant=\"destructive\">Destructive</TextureButton>\n            </div>\n            <div className=\"hidden md:w-48\">\n              <TextureButton variant=\"destructive\" size=\"lg\">\n                Destructive\n              </TextureButton>\n            </div>\n          </div>\n        </div>\n        <div className=\"flex flex-col gap-3 max-w-lg mt-4\">\n          <div className=\"flex gap-3 w-full\">\n            <div className=\"\">\n              <TextureButton variant=\"minimal\" size=\"sm\">\n                Minimal\n              </TextureButton>\n            </div>\n            <div className=\"\">\n              <TextureButton variant=\"minimal\">Minimal</TextureButton>\n            </div>\n            <div className=\"hidden md:w-48\">\n              <TextureButton variant=\"minimal\" size=\"lg\">\n                Minimal\n              </TextureButton>\n            </div>\n          </div>\n        </div>\n        <div className=\"flex flex-col gap-3 max-w-xs mt-4\">\n          <div className=\"flex gap-3\">\n            <TextureButton variant=\"icon\" size=\"icon\">\n              <ChevronLeft className=\"h-6 w-6 p-1\" />\n            </TextureButton>\n\n            <TextureButton variant=\"icon\" size=\"icon\">\n              <Trash className=\"h-5 w-6 p-1\" />\n            </TextureButton>\n\n            <TextureButton variant=\"icon\" size=\"icon\">\n              <X className=\"h-6 w-6 p-1\" />\n            </TextureButton>\n          </div>\n        </div>\n      </div>\n    </div>\n  )\n}\n",
      "type": "registry:component"
    }
  ]
}