{
  "$schema": "https://ui.shadcn.com/schema/registry-item.json",
  "name": "texture-button",
  "type": "registry:ui",
  "description": "Button component with texture overlay effects and customizable variants",
  "dependencies": [
    "@radix-ui/react-slot"
  ],
  "files": [
    {
      "path": "registry/default/ui/texture-button.tsx",
      "content": "\"use client\"\n\nimport * as React from \"react\"\nimport { Slot } from \"@radix-ui/react-slot\"\nimport { cva } from \"class-variance-authority\"\n\nimport { cn } from \"@/lib/utils\"\n\nconst buttonVariantsOuter = cva(\"\", {\n  variants: {\n    variant: {\n      primary:\n        \"w-full border border-[1px] dark:border-[2px] border-black/10 dark:border-black bg-gradient-to-b from-black/70 to-black dark:from-white dark:to-white/80 p-[1px] transition duration-300 ease-in-out \",\n      accent:\n        \"w-full border-[1px] dark:border-[2px] border-black/10 dark:border-neutral-950 bg-gradient-to-b from-indigo-300/90 to-indigo-500 dark:from-indigo-200/70 dark:to-indigo-500 p-[1px] transition duration-300 ease-in-out \",\n      destructive:\n        \"w-full border-[1px] dark:border-[2px] border-black/10 dark:border-neutral-950 bg-gradient-to-b from-red-300/90 to-red-500 dark:from-red-300/90 dark:to-red-500 p-[1px] transition duration-300 ease-in-out \",\n      secondary:\n        \"w-full border-[1px] dark:border-[2px] border-black/20 bg-white/50 dark:border-neutral-950 dark:bg-neutral-600/50 p-[1px] transition duration-300 ease-in-out \",\n      minimal:\n        \"group  w-full border-[1px] dark:border-[2px] border-black/20 bg-white/50 dark:border-neutral-950 dark:bg-neutral-600/80 p-[1px]  active:bg-neutral-200 dark:active:bg-neutral-800 hover:bg-gradient-to-t hover:from-neutral-100 to-white dark:hover:from-neutral-600/50 dark:hover:to-neutral-600/70 active:bg-neutral-200 dark:active:bg-neutral-800\",\n      icon: \"group rounded-full border dark:border-neutral-950 border-black/10 dark:bg-neutral-600/50 bg-white/50 p-[1px] active:bg-neutral-200 dark:active:bg-neutral-800 hover:bg-gradient-to-t hover:from-neutral-100 to-white dark:hover:from-neutral-700 dark:hover:to-neutral-600 active:bg-neutral-200 dark:active:bg-neutral-800\",\n    },\n    size: {\n      sm: \"rounded-[6px]\",\n      default: \"rounded-[12px]\",\n      lg: \"rounded-[12px]\",\n      icon: \"rounded-full\",\n    },\n  },\n  defaultVariants: {\n    variant: \"primary\",\n    size: \"default\",\n  },\n})\n\nconst innerDivVariants = cva(\n  \"w-full h-full flex items-center justify-center text-muted-foreground\",\n  {\n    variants: {\n      variant: {\n        primary:\n          \"gap-2 bg-gradient-to-b from-neutral-800 to-black  dark:from-neutral-200 dark:to-neutral-50 text-sm text-white/90 dark:text-black/80 transition duration-300 ease-in-out  hover:from-stone-800 hover:to-neutral-800/70 dark:hover:from-stone-200 dark:hover:to-neutral-200 dark:active:from-stone-300 dark:active:to-neutral-300 active:bg-gradient-to-b active:from-black active:to-black \",\n        accent:\n          \"gap-2 bg-gradient-to-b from-indigo-400 to-indigo-600 text-sm text-white/90 transition duration-300 ease-in-out hover:bg-gradient-to-b hover:from-indigo-400/70 hover:to-indigo-600/70 dark:hover:from-indigo-400/70 dark:hover:to-indigo-600/70 active:bg-gradient-to-b active:from-indigo-400/80 active:to-indigo-600/80 dark:active:from-indigo-400 dark:active:to-indigo-600\",\n        destructive:\n          \"gap-2 bg-gradient-to-b from-red-400/60 to-red-500/60 text-sm text-white/90 transition duration-300 ease-in-out hover:bg-gradient-to-b hover:from-red-400/70 hover:to-red-600/70 dark:hover:from-red-400/70 dark:hover:to-red-500/80 active:bg-gradient-to-b active:from-red-400/80 active:to-red-600/80 dark:active:from-red-400 dark:active:to-red-500\",\n        secondary:\n          \"bg-gradient-to-b from-neutral-100/80 to-neutral-200/50 dark:from-neutral-800 dark:to-neutral-700/50 text-sm transition duration-300 ease-in-out hover:bg-gradient-to-b hover:from-neutral-200/40 hover:to-neutral-300/60 dark:hover:from-neutral-700 dark:hover:to-neutral-700/60 active:bg-gradient-to-b active:from-neutral-200/60 active:to-neutral-300/70 dark:active:from-neutral-800 dark:active:to-neutral-700\",\n        minimal:\n          \"bg-gradient-to-b from-white to-neutral-50/50 dark:from-neutral-800 dark:to-neutral-700/50 text-sm transition duration-300 ease-in-out group-hover:bg-gradient-to-b group-hover:from-neutral-50/50 group-hover:to-neutral-100/60 dark:group-hover:from-neutral-700 dark:group-hover:to-neutral-700/60 group-active:bg-gradient-to-b group-active:from-neutral-100/60 group-active:to-neutral-100/90 dark:group-active:from-neutral-800 dark:group-active:to-neutral-700\",\n        icon: \"bg-gradient-to-b from-white to-neutral-50/50 dark:from-neutral-800 dark:to-neutral-700/50 group-active:bg-neutral-200 dark:group-active:bg-neutral-800 rounded-full\",\n      },\n      size: {\n        sm: \"text-xs rounded-[4px] px-4 py-1\",\n        default: \"text-sm rounded-[10px] px-4 py-2\",\n        lg: \"text-base rounded-[10px] px-4 py-2\",\n        icon: \" rounded-full p-1\",\n      },\n    },\n    defaultVariants: {\n      variant: \"primary\",\n      size: \"default\",\n    },\n  }\n)\n\nexport interface UnifiedButtonProps\n  extends React.ButtonHTMLAttributes<HTMLButtonElement> {\n  variant?:\n    | \"primary\"\n    | \"secondary\"\n    | \"accent\"\n    | \"destructive\"\n    | \"minimal\"\n    | \"icon\"\n  size?: \"default\" | \"sm\" | \"lg\" | \"icon\"\n  asChild?: boolean\n}\n\nconst TextureButton = React.forwardRef<HTMLButtonElement, UnifiedButtonProps>(\n  (\n    {\n      children,\n      variant = \"primary\",\n      size = \"default\",\n      asChild = false,\n      className,\n      ...props\n    },\n    ref\n  ) => {\n    const Comp = asChild ? Slot : \"button\"\n\n    return (\n      <Comp\n        className={cn(buttonVariantsOuter({ variant, size }), className)}\n        ref={ref}\n        {...props}\n      >\n        <div className={cn(innerDivVariants({ variant, size }))}>\n          {children}\n        </div>\n      </Comp>\n    )\n  }\n)\n\nTextureButton.displayName = \"TextureButton\"\n\nexport { TextureButton }\n\n// export default TextureButton\n",
      "type": "registry:ui"
    }
  ]
}